{"_step":9,"_wandb":{"runtime":115},"_runtime":115,"batch_train_loss: ":5.445841312408447,"_timestamp":1.7648461031110036e+09}