{"batch_train_loss: ":5.461326599121094,"_timestamp":1.7648455680015264e+09,"_wandb":{"runtime":116},"_runtime":116,"_step":9}