{"_runtime":138,"batch_train_loss: ":5.0600504875183105,"_timestamp":1.7648437341041162e+09,"_step":9,"_wandb":{"runtime":138}}